{"timestamps": [1496755930.042699, 1496755939.231544, 1496755946.791257, 1496755961.890455, 1496755968.173032, 1496755977.625199, 1496755991.499073, 1496755997.635888, 1496756007.120562, 1496756016.672427, 1496756031.38364, 1496756039.146703, 1496756047.317292, 1496756064.193409, 1496756078.032606, 1496756085.22781, 1496756100.081379, 1496756114.898854, 1496756125.08, 1496756135.812157, 1496756142.253956, 1496756149.20682, 1496756164.752922, 1496756185.173412, 1496756192.381809, 1496756211.33431, 1496756222.104501, 1496756264.798349, 1496756279.767653, 1496756293.377333, 1496756302.180021, 1496756319.28092, 1496756328.211079, 1496756338.706516, 1496756355.050713, 1496756385.513763, 1496756409.559503, 1496756442.742928, 1496756473.169681, 1496756480.636789, 1496756489.976694, 1496756548.833573, 1496756593.499236, 1496756615.207165, 1496756643.255691, 1496756653.527333, 1496756668.697702, 1496756679.051316, 1496756686.61243, 1496756695.718497, 1496756704.882601, 1496756713.525506, 1496756726.289914, 1496756733.75349, 1496756761.624457, 1496756770.250833, 1496756779.656788, 1496756796.614884, 1496756828.553406, 1496756841.663856, 1496756906.798025, 1496756939.618558, 1496756948.02272, 1496756956.39103, 1496756967.544137, 1496756976.115079, 1496756990.331591, 1496757010.240912, 1496757033.096058, 1496757058.595597, 1496757067.086806, 1496757078.44235, 1496757094.444321, 1496757102.191953, 1496757118.55626, 1496757129.3345, 1496757144.902506, 1496757163.095515, 1496757174.98874, 1496757184.634451, 1496757192.515554, 1496757201.698599, 1496757210.273302, 1496757217.162364, 1496757232.515234, 1496757241.938178, 1496757262.946197, 1496757270.328634, 1496757278.743341, 1496757286.197857, 1496757314.744575, 1496757323.450447, 1496757334.253946, 1496757343.008152, 1496757372.139019, 1496757380.920373, 1496757429.264044, 1496757440.860071, 1496757452.956357, 1496757461.236034], "initial_reset_timestamp": 1496755923.682945, "episode_types": ["t", "t", "t", "t", "t", "t", "t", "t", "t", "t", "t", "t", "t", "t", "t", "t", "t", "t", "t", "t", "t", "t", "t", "t", "t", "t", "t", "t", "t", "t", "t", "t", "t", "t", "t", "t", "t", "t", "t", "t", "t", "t", "t", "t", "t", "t", "t", "t", "t", "t", "t", "t", "t", "t", "t", "t", "t", "t", "t", "t", "t", "t", "t", "t", "t", "t", "t", "t", "t", "t", "t", "t", "t", "t", "t", "t", "t", "t", "t", "t", "t", "t", "t", "t", "t", "t", "t", "t", "t", "t", "t", "t", "t", "t", "t", "t", "t", "t", "t", "t"], "episode_lengths": [192, 263, 245, 509, 209, 264, 368, 177, 266, 302, 450, 194, 210, 514, 434, 215, 414, 426, 332, 343, 212, 211, 478, 455, 183, 425, 200, 779, 325, 312, 208, 376, 187, 200, 231, 436, 488, 746, 712, 191, 240, 1504, 1185, 593, 747, 261, 418, 275, 206, 251, 251, 217, 351, 209, 746, 189, 205, 326, 499, 208, 992, 649, 208, 205, 269, 214, 287, 498, 479, 602, 219, 298, 429, 211, 449, 295, 429, 503, 328, 267, 203, 247, 236, 193, 402, 262, 520, 201, 233, 208, 784, 239, 293, 236, 720, 180, 1275, 314, 328, 204], "episode_rewards": [25.0, 75.0, 250.0, 325.0, 0.0, 0.0, 150.0, 25.0, 75.0, 100.0, 300.0, 50.0, 50.0, 250.0, 225.0, 50.0, 300.0, 375.0, 150.0, 175.0, 0.0, 50.0, 350.0, 200.0, 0.0, 250.0, 0.0, 600.0, 300.0, 275.0, 0.0, 450.0, 50.0, 0.0, 0.0, 400.0, 250.0, 150.0, 100.0, 25.0, 100.0, 425.0, 700.0, 100.0, 375.0, 75.0, 400.0, 125.0, 0.0, 50.0, 100.0, 50.0, 225.0, 50.0, 275.0, 25.0, 25.0, 175.0, 475.0, 25.0, 500.0, 650.0, 0.0, 0.0, 175.0, 25.0, 225.0, 475.0, 325.0, 200.0, 0.0, 175.0, 225.0, 50.0, 400.0, 400.0, 250.0, 275.0, 50.0, 150.0, 0.0, 150.0, 0.0, 50.0, 250.0, 150.0, 325.0, 25.0, 100.0, 25.0, 325.0, 75.0, 150.0, 100.0, 225.0, 50.0, 350.0, 300.0, 100.0, 0.0]}