{"timestamps": [1496820823.976739], "initial_reset_timestamp": 1496820788.916997, "episode_types": ["t", "t"], "episode_lengths": [1061], "episode_rewards": [375.0]}